{"cameraMode":{"drawMode":0,"name":"Shaded","section":"Shading Mode"},"sceneLighting":false,"audioPlay":false,"sceneViewState":{"m_AlwaysRefresh":false,"showFog":true,"showSkybox":false,"showFlares":true,"showImageEffects":true,"showParticleSystems":true,"showVisualEffectGraphs":true,"m_FxEnabled":true},"in2DMode":false,"pivot":{"x":-4.418428421020508,"y":0.4219704866409302,"z":-0.2135162353515625},"rotation":{"x":0.06289540976285935,"y":-0.044295281171798709,"z":0.002794007770717144,"w":0.9970353245735169},"size":6.3906636238098148,"orthographic":false}