{"cameraMode":{"drawMode":0,"name":"Shaded","section":"Shading Mode"},"sceneLighting":true,"audioPlay":false,"sceneViewState":{"m_AlwaysRefresh":false,"showFog":true,"showSkybox":true,"showFlares":true,"showImageEffects":true,"showParticleSystems":true,"showVisualEffectGraphs":true,"m_FxEnabled":true},"in2DMode":false,"pivot":{"x":-0.17895090579986573,"y":-8.885437965393067,"z":22.18320655822754},"rotation":{"x":-0.23190893232822419,"y":-0.04609152302145958,"z":0.011008432134985924,"w":-0.9715850949287415},"size":11.531912803649903,"orthographic":false}