{"cameraMode":{"drawMode":0,"name":"Shaded","section":"Shading Mode"},"sceneLighting":false,"audioPlay":false,"sceneViewState":{"m_AlwaysRefresh":false,"showFog":true,"showSkybox":false,"showFlares":true,"showImageEffects":true,"showParticleSystems":true,"showVisualEffectGraphs":true,"m_FxEnabled":true},"in2DMode":false,"pivot":{"x":0.0007207505404949188,"y":0.03225301578640938,"z":0.0009459434077143669},"rotation":{"x":0.3341337740421295,"y":0.08101915568113327,"z":-0.028834247961640359,"w":0.938609778881073},"size":0.013652288354933262,"orthographic":false}