{"cameraMode":{"drawMode":0,"name":"Shaded","section":"Shading Mode"},"sceneLighting":false,"audioPlay":false,"sceneViewState":{"m_AlwaysRefresh":false,"showFog":true,"showSkybox":false,"showFlares":true,"showImageEffects":true,"showParticleSystems":true,"showVisualEffectGraphs":true,"m_FxEnabled":true},"in2DMode":false,"pivot":{"x":2.157586097717285,"y":1.6281328201293946,"z":-0.4774904251098633},"rotation":{"x":0.2872820198535919,"y":-0.12482529133558274,"z":0.037813834846019748,"w":0.9489265084266663},"size":1.3602843284606934,"orthographic":false}