{"cameraMode":{"drawMode":0,"name":"Shaded","section":"Shading Mode"},"sceneLighting":false,"audioPlay":false,"sceneViewState":{"m_AlwaysRefresh":false,"showFog":true,"showSkybox":false,"showFlares":true,"showImageEffects":true,"showParticleSystems":true,"showVisualEffectGraphs":true,"m_FxEnabled":true},"in2DMode":false,"pivot":{"x":-0.000057688914239406586,"y":-0.00003349967300891876,"z":-0.00004744622856378555},"rotation":{"x":0.3341337740421295,"y":0.08101915568113327,"z":-0.028834247961640359,"w":0.938609778881073},"size":0.02692641317844391,"orthographic":false}