{"cameraMode":{"drawMode":0,"name":"Shaded","section":"Shading Mode"},"sceneLighting":false,"audioPlay":false,"sceneViewState":{"m_AlwaysRefresh":false,"showFog":true,"showSkybox":false,"showFlares":true,"showImageEffects":true,"showParticleSystems":true,"showVisualEffectGraphs":true,"m_FxEnabled":true},"in2DMode":false,"pivot":{"x":3.568563461303711,"y":4.884693622589111,"z":18.393455505371095},"rotation":{"x":-0.08188029378652573,"y":-0.1409442126750946,"z":0.011705041863024235,"w":-0.9865567088127136},"size":10.447336196899414,"orthographic":false}